-- phpMyAdmin SQL Dump
-- version 4.7.7
-- https://www.phpmyadmin.net/
--
-- Host: 127.0.0.1
-- Generation Time: Apr 09, 2018 at 06:05 PM
-- Server version: 10.1.30-MariaDB
-- PHP Version: 7.2.2

SET SQL_MODE = "NO_AUTO_VALUE_ON_ZERO";
SET AUTOCOMMIT = 0;
START TRANSACTION;
SET time_zone = "+00:00";


/*!40101 SET @OLD_CHARACTER_SET_CLIENT=@@CHARACTER_SET_CLIENT */;
/*!40101 SET @OLD_CHARACTER_SET_RESULTS=@@CHARACTER_SET_RESULTS */;
/*!40101 SET @OLD_COLLATION_CONNECTION=@@COLLATION_CONNECTION */;
/*!40101 SET NAMES utf8mb4 */;

--
-- Database: `webhost`
--

-- --------------------------------------------------------

--
-- Table structure for table `admin`
--

CREATE TABLE `admin` (
  `id` int(11) NOT NULL,
  `name` varchar(100) COLLATE utf8_unicode_ci NOT NULL,
  `email` varchar(100) COLLATE utf8_unicode_ci NOT NULL,
  `password` varchar(40) COLLATE utf8_unicode_ci NOT NULL,
  `level` int(11) NOT NULL,
  `created` int(11) NOT NULL
) ENGINE=MyISAM DEFAULT CHARSET=utf8 COLLATE=utf8_unicode_ci;

--
-- Dumping data for table `admin`
--

INSERT INTO `admin` (`id`, `name`, `email`, `password`, `level`, `created`) VALUES
(1, 'Minh Thuan', 'admin@gmail.com', '81dc9bdb52d04dc20036dbd8313ed055', 0, 2147483647),
(2, 'Minh Loi', 'mod@gmail.com', '81dc9bdb52d04dc20036dbd8313ed055', 1, 2147483647),
(3, 'Minh Thuận', 'lamminhthuan02@gmail.com', '81dc9bdb52d04dc20036dbd8313ed055', 0, 1521691402);

-- --------------------------------------------------------

--
-- Table structure for table `catalog`
--

CREATE TABLE `catalog` (
  `id` int(11) NOT NULL,
  `name` varchar(100) COLLATE utf8_unicode_ci NOT NULL,
  `description` varchar(255) COLLATE utf8_unicode_ci DEFAULT NULL,
  `parent_id` int(11) NOT NULL,
  `sort_order` tinyint(4) NOT NULL,
  `created` datetime NOT NULL
) ENGINE=MyISAM DEFAULT CHARSET=utf8 COLLATE=utf8_unicode_ci;

--
-- Dumping data for table `catalog`
--

INSERT INTO `catalog` (`id`, `name`, `description`, `parent_id`, `sort_order`, `created`) VALUES
(1, 'Thời trang', '', 0, 1, '2017-04-22 05:35:21'),
(2, 'Bán chạy', '', 0, 2, '2017-04-22 05:35:48'),
(3, 'Khuyến mại', '', 0, 3, '2017-04-22 05:35:59'),
(4, 'Tin tức', '', 0, 4, '2017-04-22 05:36:13'),
(5, 'Giỏ hàng', '', 0, 6, '2017-04-22 05:36:49'),
(6, 'Liên hệ', '', 0, 5, '2017-04-22 05:37:02'),
(7, 'Thời trang nam', '', 1, 1, '2017-04-22 05:37:23'),
(8, 'Thời trang nữ', '', 1, 2, '2017-04-22 05:37:36'),
(9, 'Quần áo gia đình', '', 1, 3, '2017-04-22 05:37:50'),
(10, 'Áo phông nam', '', 7, 1, '2017-04-22 09:08:19'),
(11, 'Áo sơ mi nam', '', 7, 2, '2017-04-22 09:08:36'),
(12, 'Quần Jeans', '', 7, 3, '2017-04-22 09:09:01'),
(13, 'Quần Kali', '', 7, 4, '2017-04-22 09:09:14'),
(14, 'Quần Short', '', 7, 5, '2017-04-22 09:09:31'),
(15, 'Áo thun nữ', '', 8, 1, '2017-04-22 09:09:46'),
(16, 'Áo sơ mi nữ', '', 8, 2, '2017-04-22 09:10:10'),
(17, 'Đầm, váy', '', 8, 3, '2017-04-22 09:23:39'),
(18, 'Áo công sở', '', 8, 4, '2017-04-22 09:23:57'),
(19, 'Áo gia đình hè', '', 9, 1, '2017-04-22 09:25:55'),
(20, 'Áo váy gia đình', '', 9, 2, '2017-04-22 09:26:21'),
(21, 'Mẹ và bé', '', 9, 4, '2017-04-22 09:26:34');

-- --------------------------------------------------------

--
-- Table structure for table `order`
--

CREATE TABLE `order` (
  `id` int(11) NOT NULL,
  `transaction_id` int(100) NOT NULL,
  `product_id` int(100) NOT NULL,
  `qty` int(100) NOT NULL DEFAULT '0',
  `amount` decimal(15,2) NOT NULL DEFAULT '0.00',
  `status` int(11) NOT NULL DEFAULT '0'
) ENGINE=MyISAM DEFAULT CHARSET=utf8 COLLATE=utf8_unicode_ci;

--
-- Dumping data for table `order`
--

INSERT INTO `order` (`id`, `transaction_id`, `product_id`, `qty`, `amount`, `status`) VALUES
(1, 3, 12, 1, '360000.00', 0),
(3, 4, 7, 1, '350000.00', 0),
(12, 9, 4, 1, '200000.00', 0),
(13, 10, 17, 1, '450000.00', 0),
(6, 5, 23, 1, '370000.00', 0),
(7, 6, 28, 1, '169000.00', 0),
(8, 6, 25, 1, '300000.00', 0),
(11, 8, 10, 1, '69000.00', 0),
(10, 7, 11, 1, '70000.00', 0),
(14, 11, 25, 1, '300000.00', 0),
(15, 12, 28, 1, '169000.00', 0),
(16, 13, 4, 1, '200000.00', 0),
(17, 13, 3, 1, '150000.00', 0),
(18, 14, 55, 1, '130000.00', 0),
(19, 15, 53, 2, '600000.00', 0),
(20, 15, 54, 2, '236000.00', 0);

-- --------------------------------------------------------

--
-- Table structure for table `product`
--

CREATE TABLE `product` (
  `id` int(255) NOT NULL,
  `catalog_id` int(11) NOT NULL,
  `name` varchar(255) COLLATE utf8_unicode_ci NOT NULL,
  `content` text COLLATE utf8_unicode_ci NOT NULL,
  `price` decimal(15,2) NOT NULL DEFAULT '0.00',
  `discount` int(11) DEFAULT '0',
  `image_link` varchar(100) COLLATE utf8_unicode_ci NOT NULL,
  `image_list` text COLLATE utf8_unicode_ci NOT NULL,
  `view` int(11) NOT NULL DEFAULT '0',
  `buyed` int(255) NOT NULL,
  `rate_total` int(255) NOT NULL DEFAULT '4',
  `rate_count` int(255) NOT NULL DEFAULT '1',
  `created` int(11) NOT NULL
) ENGINE=MyISAM DEFAULT CHARSET=utf8 COLLATE=utf8_unicode_ci;

--
-- Dumping data for table `product`
--

INSERT INTO `product` (`id`, `catalog_id`, `name`, `content`, `price`, `discount`, `image_link`, `image_list`, `view`, `buyed`, `rate_total`, `rate_count`, `created`) VALUES
(1, 16, 'Viền Cổ Hoa', '<p><a href=\"https://www.sendo.vn/ao-so-mi-nu.htm\">&Aacute;o Sơ Mi Nữ</a>&nbsp;Viền Cổ Hoa 3D Thiết Kế Cổ Tr&ograve;n Viền Sọc Đen, Kết N&uacute;t Cổ Sau Lưng, Tay X&ograve;e Duy&ecirc;n D&aacute;ng, Kết Hoa 3D Th&ecirc;m Phần Nữ T&iacute;nh Cho Ph&aacute;i Đẹp, Chất Liệu Voan Mềm Mại, Tho&aacute;ng M&aacute;t</p>\r\n\r\n<p><strong>Chất Liệu:</strong>&nbsp;Voan Mềm Mại, Tho&aacute;ng M&aacute;t</p>\r\n\r\n<p><strong>M&agrave;u Sắc:</strong>&nbsp;T&iacute;m, Hồng</p>\r\n\r\n<p><strong>Kiểu D&aacute;ng:</strong>&nbsp;Thiết Kế Cổ Tr&ograve;n Viền Sọc Đen, Kết N&uacute;t Cổ Sau Lưng, Tay X&ograve;e Duy&ecirc;n D&aacute;ng, Kết Hoa 3D Th&ecirc;m Phần Nữ T&iacute;nh Cho Ph&aacute;i Đẹp</p>\r\n\r\n<p><strong>K&iacute;ch Thước:</strong>&nbsp;Size S - D&agrave;i &Aacute;o: 60, Rộng Vai: 28 - 32, V&ograve;ng Ngực: 74 - 84 ( Ph&ugrave; Hợp Với Bạn Nữ Dưới 50kg)&nbsp;</p>\r\n\r\n<p>&nbsp; &nbsp; &nbsp; &nbsp; &nbsp; &nbsp; &nbsp; &nbsp; &nbsp; &nbsp; &nbsp;Size M - D&agrave;i &Aacute;o: 62, Rộng Vai: 29 - 33, V&ograve;ng Ngực: 76 - 86&nbsp;( Ph&ugrave; Hợp Với Bạn Nữ Dưới 55kg)</p>\r\n\r\n<p>&nbsp; &nbsp; &nbsp; &nbsp; &nbsp; &nbsp; &nbsp; &nbsp; &nbsp; &nbsp; &nbsp; Size L - D&agrave;i &Aacute;o: 63, Rộng Vai: 31 - 35, V&ograve;ng Ngực: 84 -&nbsp;94( Ph&ugrave; Hợp Với Bạn Nữ Dưới 60kg)</p>\r\n', '179000.00', 20000, 'ao-so-mi-nu-vien-co-hoa-31.jpg', '[\"ao-so-mi-nu-vien-co-hoa-3d1.jpg\",\"ao-so-mi-nu-vien-co-hoa-3dl1.jpg\",\"ao-so-mi-nu-vien-co-hoa-3dla1.jpg\"]', 27, 1, 14, 3, 1493983674),
(2, 16, 'cổ trụ thắt nơ', '', '255000.00', 51000, 'hang-nhap-so-mi-nu-co-tru-that-no-sm1.jpg', '[\"hang-nhap-so-mi-nu-co-tru-that-no.jpg\",\"hang-nhap-so-mi-nu-co-tru-that-no-sm125-1.jpg\"]', 4, 1, 4, 1, 1493983674),
(3, 16, 'ẢO KIỂU HÀN QUỐC', '<p>ẢO KIỂU H&Agrave;N QUỐC V0040&nbsp;&nbsp;tay lỡ l&agrave; gu chủ yếu cho những ng&agrave;y thu. Nếu như h&egrave; bạn c&oacute; thể t&aacute;o bạo diện một chiếc sơ mi kh&ocirc;ng tay hay kiểu cổ ph&oacute;ng kho&aacute;ng cho thời trang c&ocirc;ng sở th&igrave; sang thu sẽ k&iacute;n đ&aacute;o hơn nhiều với kiểu sơ mi tay lỡ hoặc d&aacute;ng d&agrave;i tay đều ph&ugrave; hợp.</p>\r\n\r\n<p>Những mẫu sơ mi thiết kế tay lỡ vẫn sử dụng gam đơn hoặc họa tiết nếu muốn mix ph&ugrave; hợp c&ugrave;ng quần t&acirc;y, jean hay ch&acirc;n v&aacute;y ăn &yacute;.</p>\r\n\r\n<p>ẢO KIỂU&nbsp;<a href=\"https://www.sendo.vn/han-quoc.htm\">H&Agrave;N QUỐC</a>&nbsp;V0040 với c&aacute;c th&ocirc;ng tin như sau:</p>\r\n\r\n<p>+ Mẫu m&atilde;: như h&igrave;nh;</p>\r\n\r\n<p>+ Xuất xứ: Việt Nam</p>\r\n\r\n<p>+ M&agrave;u sắc: Hồng, xanh, trắng, t&iacute;m</p>\r\n\r\n<p>+ Kiểu d&aacute;ng: tay lỡ, vạt ngang, cổ tr&ograve;n k&egrave;m d&acirc;y chuyền phụ kiện;</p>\r\n\r\n<p>+ Size: S, M, L, XL</p>\r\n', '300000.00', 150000, 'kieu_nu_27.jpg', '[\"kieu_nu_trang.jpg\",\"kieu_nu_18.jpg\",\"kieu_nu_22.jpg\",\"kieu_nu_26.jpg\"]', 46, 5, 11, 3, 1493983674),
(52, 10, 'combo áo thun hiện đại', '<ul>\r\n	<li>Combo 2 &aacute;o thun nam nữ phối m&agrave;u</li>\r\n	<li>Thiết kế theo phong c&aacute;ch trẻ trung năng động, form rộng tho&aacute;ng m&aacute;t, kiếu d&aacute;ng đẹp mắt l&agrave; m&oacute;n h&agrave;ng thời trang đ&ocirc;i kh&ocirc;ng thể thiếu trong tủ đồ của c&aacute;c bạn trẻ.</li>\r\n</ul>\r\n', '300000.00', 20000, 'thun_doi_1__1__500x750.jpg', '[\"THUN_DOI_5__1__500x750.jpg\",\"thun_doi_7__1__500x750.jpg\",\"thun_doi_38__1__500x750.jpg\"]', 1, 0, 4, 1, 1523182665),
(4, 18, 'công sở hiện đại', '<p>ẢO KIỂU H&Agrave;N QUỐC V0040&nbsp;&nbsp;tay lỡ l&agrave; gu chủ yếu cho những ng&agrave;y thu. Nếu như h&egrave; bạn c&oacute; thể t&aacute;o bạo diện một chiếc sơ mi kh&ocirc;ng tay hay kiểu cổ ph&oacute;ng kho&aacute;ng cho thời trang c&ocirc;ng sở th&igrave; sang thu sẽ k&iacute;n đ&aacute;o hơn nhiều với kiểu sơ mi tay lỡ hoặc d&aacute;ng d&agrave;i tay đều ph&ugrave; hợp.</p>\r\n\r\n<p>Những mẫu sơ mi thiết kế tay lỡ vẫn sử dụng gam đơn hoặc họa tiết nếu muốn mix ph&ugrave; hợp c&ugrave;ng quần t&acirc;y, jean hay ch&acirc;n v&aacute;y ăn &yacute;.</p>\r\n\r\n<p>ẢO KIỂU&nbsp;<a href=\"https://www.sendo.vn/han-quoc.htm\">H&Agrave;N QUỐC</a>&nbsp;V0040 với c&aacute;c th&ocirc;ng tin như sau:</p>\r\n\r\n<p>+ Mẫu m&atilde;: như h&igrave;nh;</p>\r\n\r\n<p>+ Xuất xứ: Việt Nam</p>\r\n\r\n<p>+ M&agrave;u sắc: Hồng, xanh, trắng, t&iacute;m</p>\r\n\r\n<p>+ Kiểu d&aacute;ng: tay lỡ, vạt ngang, cổ tr&ograve;n k&egrave;m d&acirc;y chuyền phụ kiện;</p>\r\n\r\n<p>+ Size: S, M, L, XL</p>\r\n', '280000.00', 80000, 'somi_nu_3__1__500x750.jpg', '[\"somi_nu_2__1__500x750.jpg\",\"somi_nu_19__1__500x750.jpg\",\"somi_nu_28__1__500x750.jpg\"]', 20, 8, 18, 4, 1493983674),
(12, 17, 'Đầm maxi phối ren cao cấp', '<p>Chất liệu: Chiffon phối ren cao cấp<br />\r\nM&agrave;u sắc: Đen, hồng<br />\r\nK&iacute;ch thước: S,M,L,XL<br />\r\nXuất Xứ : Việt Nam&nbsp;</p>\r\n\r\n<p>+ size S: Chiều d&agrave;i đầm: 130cm, Ngực 78-80cm, Eo 64-68cm, M&ocirc;ng 84-86cm</p>\r\n\r\n<p>+ size M: Chiều d&agrave;i đầm: 130cm, Ngực 80-84cm, Eo 68-72cm, M&ocirc;ng 86-90cm<br />\r\n+ size L: Chiều d&agrave;i đầm: 130cm, Ngực 84-88cm, Eo 72-76cm, M&ocirc;ng 90-96cm<br />\r\n+ size XL: Chiều d&agrave;i đầm: 130cm, Ngực 88-92cm, Eo 76-78cm, M&ocirc;ng 96-100cm</p>\r\n', '720000.00', 360000, 'dam_nu_19__1__500x750.jpg', '[\"dam_nu_61.jpg\",\"dam_nu_1__1__500x750.jpg\",\"dam_nu_8__1__500x750.jpg\"]', 27, 3, 9, 2, 0),
(53, 10, 'áo thun đôi hot', '<ul>\r\n	<li>Combo 2 &aacute;o thun nam nữ phối m&agrave;u mang đến phong c&aacute;ch thời trang c&aacute; t&iacute;nh đầy tinh tế cho người mặc.</li>\r\n	<li>Kiểu d&aacute;ng &aacute;o đơn giản với cổ tr&ograve;n, tay ngắn, form &aacute;o rộng vừa phải tạo n&ecirc;n n&eacute;t khỏe khoắn cho trang phục th&ecirc;m phần cuốn h&uacute;t.</li>\r\n	<li>Thiết kế c&aacute; t&iacute;nh với c&aacute;ch phối m&agrave;u dễ d&agrave;ng kết hợp với c&aacute;c trang phục v&agrave; phụ kiện kh&aacute;c: quần jeans, quần short, quần legging...</li>\r\n</ul>\r\n', '310000.00', 10000, 'thun_doi_4__2__500x751.jpg', '[\"thun_doi_51__1__500x750.jpg\",\"thun_doi_53__1__500x750.jpg\",\"thun_doi_55__1__500x750.jpg\"]', 0, 1, 4, 1, 1523182892),
(13, 17, 'Đầm ren Thái form dài', '<p><em>* Chất liệu:&nbsp;</em>Ren Th&aacute;i cao cấp, lớp l&oacute;t trong d&agrave;y dặn</p>\r\n\r\n<p>*&nbsp;<em>Kiểu d&aacute;ng</em>&nbsp;Đầm kh&ocirc;ng tay, cổ tr&ograve;n, Ch&acirc;n v&aacute;y x&ograve;e, d&agrave;i ngang bắp ch&acirc;n. Kiểu d&aacute;ng mềm mại thướt tha đầy nữ t&iacute;nh</p>\r\n\r\n<p>*&nbsp;<em>M&atilde; sản phẩm:</em>&nbsp;DR 26</p>\r\n', '200000.00', 0, 'dam_nu_20__1__500x749.jpg', '[\"dam_nu_22__2__500x749.jpg\",\"dam_nu_23__2__500x749.jpg\",\"dam_nu_25__2__500x749.jpg\",\"dam_nu_41__1__500x750.jpg\"]', 5, 1, 4, 1, 1493983674),
(6, 18, 'áo kiểu công sở', '<p>&Aacute;o kiểu mang đến vẻ đẹp nữ t&iacute;nh, dịu d&agrave;ng cho n&agrave;ng!</p>\r\n\r\n<p>Với chất vải v&ocirc; c&ugrave;ng mềm mại v&agrave; nhẹ nh&agrave;ng, chiếc &aacute;o kiểu l&agrave;m từ chất liệu voan n&agrave;y lu&ocirc;n ph&aacute;t huy v&agrave; t&ocirc; điểm được vẻ đẹp nữ t&iacute;nh, dịu d&agrave;ng của bạn g&aacute;i. Nhất l&agrave; với những kiểu d&aacute;ng cổ b&egrave;o c&aacute;ch điệu hay họa tiết xinh xắn lại c&agrave;ng gi&uacute;p n&agrave;ng khoe th&ecirc;m được sự điệu đ&agrave; v&agrave; ấn tượng của m&igrave;nh. Bởi thế, chiếc &aacute;o n&agrave;y v&ocirc; c&ugrave;ng ph&ugrave; hợp với những c&ocirc; n&agrave;ng c&oacute; phong c&aacute;ch thời trang nữ t&iacute;nh, nhẹ nh&agrave;ng.</p>\r\n', '300000.00', 100000, 'somi_nu_29__1__500x750.jpg', '[\"somi_nu_24__1__thumb_400x600.jpg\",\"somi_nu_26__1__500x750.jpg\",\"somi_nu_32__1__500x750.jpg\"]', 3, 1, 4, 1, 1493983674),
(7, 17, 'Đầm ren tay dài tiểu thư', '<p>Đầm ren tay d&agrave;i tiểu thư duy&ecirc;n d&aacute;ng nữ t&iacute;nh trị gi&aacute; 450.000 VNĐ nay chỉ c&ograve;n 350.000 VNĐ</p>\r\n\r\n<p>C&aacute;c th&ocirc;ng tin như sau:</p>\r\n\r\n<p>+ Mẫu m&atilde;: như h&igrave;nh;</p>\r\n\r\n<p>+ Xuất xứ: Việt Nam</p>\r\n\r\n<p>+ M&agrave;u sắc: Hồng, xanh, trắng, t&iacute;m</p>\r\n\r\n<p>+ Kiểu d&aacute;ng: tay lỡ, vạt ngang, cổ tr&ograve;n k&egrave;m d&acirc;y chuyền phụ kiện;</p>\r\n\r\n<p>+ Size: S, M, L, XL</p>\r\n', '450000.00', 100000, 'Dam_ren_den_tay_dai_tieu_thu_(3).jpg', '[\"Dam_ren_den_tay_dai_tieu_thu_(2).jpg\",\"Dam_ren_den_tay_dai_tieu_thu_(13).jpg\",\"Dam_ren_tieu_thu_tay_dai_(1).jpg\"]', 21, 6, 13, 3, 1493983674),
(9, 15, 'Áo Thun Nữ ROMA', '<p>►Chất liệu cao cấp COTTON 4 CHIỀU mềm mại<br />\r\n►Co giãn tốt ; thoáng mát     ►Thiết kế thời trang<br />\r\n►Kiểu dáng đa phong cách   ►Đường may tinh tế sắc sảo<br />\r\n► Áo thun nữ được thiết kế và sản xuất bởi Trần Doanh mang vể đẹp trẻ trung năng động nhưng không kém phần duyên dáng.<br />\r\n►Áo được thiết kế đẹp, chuẩn form, đường may sắc xảo, vải cotton dày, mịn, thấm hút mồ hôi tạo sự thoải mái khi mặc!<br />\r\n►Thích hợp cho sự kết hợp vứi quần jean, sọt,legging!</p>\r\n', '180000.00', 100000, 'ao-thun-ao-phong-nu-hoa-tiet-chu-roma.jpg', '[\"ao-thun-ao-phong-nu-hoa-tiet-chu-roma-ca-tin.jpg\",\"ao-thun-ao-phong-nu-hoa-tiet-chu-roma-ca-tinh.jpg\"]', 3, 1, 4, 1, 1493983674),
(11, 15, 'ÁO THUN CUTE', '<p>ẢO KIỂU H&Agrave;N QUỐC V0040&nbsp;&nbsp;tay lỡ l&agrave; gu chủ yếu cho những ng&agrave;y thu. Nếu như h&egrave; bạn c&oacute; thể t&aacute;o bạo diện một chiếc sơ mi kh&ocirc;ng tay hay kiểu cổ ph&oacute;ng kho&aacute;ng cho thời trang c&ocirc;ng sở th&igrave; sang thu sẽ k&iacute;n đ&aacute;o hơn nhiều với kiểu sơ mi tay lỡ hoặc d&aacute;ng d&agrave;i tay đều ph&ugrave; hợp.</p>\r\n\r\n<p>Những mẫu sơ mi thiết kế tay lỡ vẫn sử dụng gam đơn hoặc họa tiết nếu muốn mix ph&ugrave; hợp c&ugrave;ng quần t&acirc;y, jean hay ch&acirc;n v&aacute;y ăn &yacute;.</p>\r\n\r\n<p>ẢO KIỂU&nbsp;<a href=\"https://www.sendo.vn/han-quoc.htm\">H&Agrave;N QUỐC</a>&nbsp;với c&aacute;c th&ocirc;ng tin như sau:</p>\r\n\r\n<p>+ Mẫu m&atilde;: như h&igrave;nh;</p>\r\n\r\n<p>+ Xuất xứ: Việt Nam</p>\r\n\r\n<p>+ M&agrave;u sắc: Hồng, xanh, trắng, t&iacute;m</p>\r\n\r\n<p>+ Kiểu d&aacute;ng: tay lỡ, vạt ngang, cổ tr&ograve;n k&egrave;m d&acirc;y chuyền phụ kiện;</p>\r\n\r\n<p>+ Size: S, M, L, XL</p>\r\n', '80000.00', 10000, 'ao_thun_nu_1.jpg', '[\"ao_thun_nu_7.jpg\",\"ao_thun_nu_8.jpg\",\"ao_thun_nu_12.jpg\"]', 41, 3, 5, 1, 1493983674),
(10, 15, ' Áo Thun Form Rộng', '<p>- &Aacute;o thun nữ trẻ trung c&oacute; thiết kế năng động với cổ tr&ograve;n, tay ngắn mang lại cho bạn sự thoải m&aacute;i khi mặc.<br />\r\n- Thiết kế form rộng c&aacute; t&iacute;nh cho bạn lu&ocirc;n cảm thấy dễ chịu khi mặc trong thời gian d&agrave;i.<br />\r\n- In họa tiết chữ đơn giản, trẻ trung tạo n&eacute;t c&aacute; t&iacute;nh ri&ecirc;ng cho sản phẩm.<br />\r\n- Đường may chắc chắn, cẩn thận cho bạn tự tin hơn trong vận động.<br />\r\n- Chất liệu: thun cotton 4 chiều co gi&atilde;n tốt, thấm h&uacute;t mồ h&ocirc;i hiệu quả.<br />\r\n- Size: freesize<br />\r\n- M&agrave;u sắc: trắng, đen, xanh biển</p>\r\n', '129000.00', 60000, 'ao_thun_nu_3.jpg', '[\"ao_thun_nu_9.jpg\",\"ao_thun_nu_10.jpg\",\"ao_thun_nu_11_.jpg\"]', 8, 2, 4, 1, 1493983674),
(14, 17, 'ĐẦM ÔM BODY CỔ ĐÍNH HẠT', '<p>CHẤT LIỆU : THUN COTON CO GI&Atilde;N THO&Aacute;NG M&Aacute;T DỂ CHIỆU&nbsp;</p>\r\n\r\n<p>TH&Iacute;CH HỢP MỌI HOẠT ĐỘNG : C&Ocirc;NG SỞ , DỰ TIỆC , DẠO PHỐ , ĐI BIỂN ....</p>\r\n\r\n<p>SIZE :</p>\r\n\r\n<p>M&Agrave;U : CAM N&Acirc;U, X&Aacute;M ĐEN ( &Ocirc; M&Agrave;U CHỌN L&Agrave; X&Aacute;M ) XANH LAM , TRẮNG&nbsp;</p>\r\n', '200000.00', 50000, 'dam_nu_9__1__500x750.jpg', '[\"dam_nu_10__1__500x750.jpg\",\"dam_nu_11__1__500x750.jpg\",\"dam_nu_12__1__500x750.jpg\"]', 3, 2, 4, 1, 1493983674),
(15, 17, 'ĐẦM XÒE PHỐI REN CAO CẤP', '<p>Chất liệu ren&nbsp;<a href=\"https://www.sendo.vn/cao-cap.htm\">cao cấp</a>&nbsp;cho 1 bạn 1 phong c&aacute;ch sang chảnh thu đ&ocirc;ng năm nay ,với c&aacute;c m&agrave;u diệu ,nồng nằng quyến rũ kh&ocirc;ng thể n&agrave;o kh&ocirc;ng cuốn h&uacute;t đươc tất cả &aacute;nh nh&igrave;n xung quanh h&ograve;a quyện v&agrave;o dạng x&ograve;e cổ điển&nbsp;<a href=\"https://www.sendo.vn/phoi-ren.htm\">phối ren</a>&nbsp; cao cấp .<br />\r\nM&agrave;u : đen , xanh , đỏ&nbsp;<br />\r\nSize : M 45 - 52 kg t&ugrave;y theo chiều cao&nbsp;<br />\r\nXưởng nhận may gia c&ocirc;ng tất cả c&aacute;c mặt h&agrave;ng thời trang nam nữ&nbsp;<br />\r\nVới chất liệu bắt mắt v&agrave; chất lượng rất ok nắm bắt xu hướng thời trang thu đ&ocirc;ng năm nay&nbsp;<br />\r\nMẫu v&aacute;y x&ograve;e ren l&agrave; sự lựa chọn tốt nhất cho bạn.</p>\r\n', '350000.00', 180000, 'dam_nu_1.jpg', '[\"dam_nu_2.jpg\",\"dam_nu_3.jpg\",\"dam_nu_41.jpg\"]', 8, 1, 9, 2, 1493983674),
(16, 19, 'Áo gia đình AG0560', '<p><strong><a href=\"http://aothun24h.vn/san-pham/170/Ao-gia-dinh.html\" target=\"_blank\">&Aacute;o gia đ&igrave;nh</a>&nbsp;kẻ sọc ngang</strong>&nbsp;rất được ưa chuộng hiện nay, d&ugrave; l&agrave; ở lứa tuổi n&agrave;o th&igrave; thời trang kẻ sọc cũng lu&ocirc;n mang đ&ecirc;n cho người mặc một phong c&aacute;ch trẻ trung năng động v&agrave; c&aacute; t&iacute;nh.</p>\r\n\r\n<p>-&nbsp;&nbsp;&nbsp;&nbsp;&nbsp;&nbsp;&nbsp;&nbsp;&nbsp;&nbsp;Kh&ocirc;ng mặc sọc ngang từ đầu đến ch&acirc;n l&agrave; b&iacute; quyết gia đ&igrave;nh bạn n&ecirc;n biết.</p>\r\n\r\n<p>-&nbsp;&nbsp;&nbsp;&nbsp;&nbsp;&nbsp;&nbsp;&nbsp;&nbsp;&nbsp;Chọn chất liệu mềm v&agrave; phom d&aacute;ng su&ocirc;n rộng để che khuyết điểm.</p>\r\n\r\n<p>-&nbsp;&nbsp;&nbsp;&nbsp;&nbsp;&nbsp;&nbsp;&nbsp;&nbsp;&nbsp;Chọn sọc kẻ ngang vừa phải, kh&ocirc;ng đụng tới sọc to.</p>\r\n', '580000.00', 0, 'ÁO_GIA_ĐÌNH_AG0560.jpg', '[\"\\u00c1O_GIA_\\u0110\\u00ccNH_AG05602.jpg\",\"\\u00c1O_GIA_\\u0110\\u00ccNH_AG05603.jpg\",\"\\u00c1O_GIA_\\u0110\\u00ccNH_AG05604.jpg\"]', 5, 3, 13, 3, 1493983674),
(17, 19, 'Áo gia đình AG0554', '<p><strong>Th&ocirc;ng tin về sản phẩm:</strong></p>\r\n\r\n<p>-&nbsp;&nbsp;&nbsp;&nbsp;&nbsp;&nbsp;&nbsp;&nbsp;&nbsp;&nbsp;Kiểu &aacute;o : &Aacute;o thun cổ tr&ograve;n tay ngắn.</p>\r\n\r\n<p>-&nbsp;&nbsp;&nbsp;&nbsp;&nbsp;&nbsp;&nbsp;&nbsp;&nbsp;&nbsp;M&agrave;u sắc: Nhiều m&agrave;u sắc để lựa chọn.</p>\r\n\r\n<p>-&nbsp;&nbsp;&nbsp;&nbsp;&nbsp;&nbsp;&nbsp;&nbsp;&nbsp;&nbsp;Chất liệu: Thun cotton 4 chiều.</p>\r\n\r\n<p>-&nbsp;&nbsp;&nbsp;&nbsp;&nbsp;&nbsp;&nbsp;&nbsp;&nbsp;&nbsp;Size &aacute;o: Đủ size &aacute;o để lựa chọn.</p>\r\n\r\n<p>-&nbsp;&nbsp;&nbsp;&nbsp;&nbsp;&nbsp;&nbsp;&nbsp;&nbsp;&nbsp;C&ocirc;ng nghệ in: Mimaki của Nhật Bản.</p>\r\n', '500000.00', 50000, '1.jpg', '[\"2.jpg\",\"3.jpg\",\"4.jpg\",\"5.jpg\"]', 37, 1, 14, 4, 1493983674),
(18, 20, 'ÁO VÁY GIA ĐÌNH AG0430 - AG0430', '<p><strong>Chất liệu cotton tho&aacute;ng m&aacute;t</strong></p>\r\n\r\n<p>Chất liệu cotton 4 chiều tho&aacute;ng m&aacute;t, mềm mại, dễ giặt, nhanh kh&ocirc; v&agrave; h&uacute;t ẩm tốt.</p>\r\n\r\n<p><strong>Thiết kế đơn giản m&agrave; tinh tế</strong></p>\r\n\r\n<p>Thiết kế &aacute;o đơn giản, trẻ trung thoải m&aacute;i cho gia đình bạn khi mặc, sửa lại áo mi&ecirc;̃n phí khi mặc quá r&ocirc;̣ng hoặc quá dài.</p>\r\n', '900000.00', 0, 'bo-quan-ao-vay-gia-dinh-in-hoa-tiet-cu-tren-tui-(set-gia-4-ao-2-quan-2-vay)-osNA3awVrNRC8S8qb5mg.jpg', '[\"bo-quan-ao-vay-gia-dinh-in-hoa-tiet-cu-tren-tui-(set-gia-4-ao-2-quan-2-vay)-dH1HmPHbYreFVlfhebj6.jpg\",\"bo-quan-ao-vay-gia-dinh-in-hoa-tiet-cu-tren-tui-(set-gia-4-ao-2-quan-2-vay)-k6KWqesp6kMHZYaAKmYD.jpg\",\"bo-quan-ao-vay-gia-dinh-in-hoa-tiet-cu-tren-tui-(set-gia-4-ao-2-quan-2-vay)-NocArv8zH31qj65VTy0Q.jpg\",\"bo-quan-ao-vay-gia-dinh-in-hoa-tiet-cu-tren-tui-(set-gia-4-ao-2-quan-2-vay)-zCXHdniUzkQ7B6A4Hwzx.jpg\"]', 1, 1, 5, 1, 0),
(19, 21, 'Đầm Đôi PENDI Xinh Xắn', '<p><strong>TH&Ocirc;NG TIN SẢN PHẨM&nbsp;</strong></p>\r\n\r\n<p>- Chất liệu : thun</p>\r\n\r\n<p>- Năm sản xuất : 2016</p>\r\n\r\n<p>- Xuất xứ : Việt nam ( c&ocirc;ng ty th&aacute;i ho&agrave;ng sx)</p>\r\n\r\n<p>- M&agrave;u sắc : xanh, đỏ , hồng</p>\r\n\r\n<p>- K&iacute;ch thước : Freesize d&agrave;nh cho mẹ từ 43</p>\r\n', '390000.00', 50000, 'dam_nu_4.jpg', '[\"dam_nu_6.jpg\",\"dam_nu_8.jpg\",\"dam_nu_10.jpg\"]', 5, 1, 4, 1, 1493983674),
(49, 16, 'ÁO SƠ MI NỮ', '<p>ẢO KIỂU SƠ MI NỮ&nbsp;&nbsp;tay lỡ l&agrave; gu chủ yếu cho những ng&agrave;y thu. Nếu như h&egrave; bạn c&oacute; thể t&aacute;o bạo diện một chiếc sơ mi kh&ocirc;ng tay hay kiểu cổ ph&oacute;ng kho&aacute;ng cho thời trang c&ocirc;ng sở th&igrave; sang thu sẽ k&iacute;n đ&aacute;o hơn nhiều với kiểu sơ mi tay lỡ hoặc d&aacute;ng d&agrave;i tay đều ph&ugrave; hợp.</p>\r\n\r\n<p>Những mẫu sơ mi thiết kế tay lỡ vẫn sử dụng gam đơn hoặc họa tiết nếu muốn mix ph&ugrave; hợp c&ugrave;ng quần t&acirc;y, jean hay ch&acirc;n v&aacute;y ăn &yacute;.</p>\r\n\r\n<p>ẢO KIỂU SƠ MI NỮ&nbsp; với c&aacute;c th&ocirc;ng tin như sau:</p>\r\n\r\n<p>+ Mẫu m&atilde;: như h&igrave;nh;</p>\r\n\r\n<p>+ Xuất xứ: Việt Nam</p>\r\n\r\n<p>+ M&agrave;u sắc: Hồng, xanh, trắng, t&iacute;m</p>\r\n\r\n<p>+ Kiểu d&aacute;ng: tay lỡ, vạt ngang, cổ tr&ograve;n k&egrave;m d&acirc;y chuyền phụ kiện;</p>\r\n\r\n<p>+ Size: S, M, L, XL</p>\r\n', '120000.00', 10000, 'so_mi_nu_8.jpg', '[\"so_mi_nu_2.jpg\",\"so_mi_nu_4.jpg\",\"so_mi_nu_5.jpg\",\"so_mi_nu_7.jpg\"]', 12, 0, 4, 1, 1521888770),
(20, 21, 'COMBO ĐẦM KÈM ÁO KHOÁC CHOÀNG', '<p><strong>TH&Ocirc;NG TIN SẢN PHẨM&nbsp;</strong></p>\r\n\r\n<p>- Chất liệu : thun</p>\r\n\r\n<p>- Năm sản xuất : 2016</p>\r\n\r\n<p>- Xuất xứ : Việt nam ( c&ocirc;ng ty th&aacute;i ho&agrave;ng sx)<br />\r\n- M&agrave;u sắc : caro&nbsp;</p>\r\n\r\n<p>- K&iacute;ch thước : Freesize d&agrave;nh cho mẹ từ 43-55kg - size M từ 13-17kg- L &nbsp;từ 17-22kg<br />\r\n&nbsp;</p>\r\n', '380000.00', 90000, 'dam-me-va-be-vinabrnds-1m4G3-Syf4RN_simg_d0daf0_800x1200_max.jpg', '[\"dam-me-va-be-vinabrnds-1m4G3-Fv63hr_simg_d0daf0_800x1200_max.jpg\",\"dam-me-va-be-vinabrnds-1m4G3-IJNp3u_simg_d0daf0_800x1200_max.jpg\",\"dam-me-va-be-vinabrnds-1m4G3-n0LJFS_simg_d0daf0_800x1200_max.jpg\"]', 32, 1, 4, 1, 1493983674),
(21, 21, 'COMBO ĐÔI ĐẦM MẸ VÀ BÉ ', '<p>T&ecirc;n sp:&nbsp;<a href=\"https://ban.sendo.vn/product\">Combo &aacute;o thun mẹ v&agrave; b&eacute; Mickey</a><br />\r\n<br />\r\nChất liệu: Thun cotton c&aacute; sấu cao cấp mềm mại thoải mai khi mặc cho c&aacute;c n&agrave;ng<br />\r\n<br />\r\nM&agrave;u sắc: &nbsp; &nbsp;Hồng - Trắng 2 m&agrave;u 100% như h&igrave;nh ảnh minh họa. Gam m&agrave;u trẻ trung cho c&aacute;c n&agrave;ng<br />\r\n<br />\r\nThiết kế đơn giản kiểu đầm su&ocirc;ng, form rộng , cổ tr&ograve;n tay lỡ &nbsp; ph&ocirc;i m&agrave;u &nbsp;trẻ trung xin xắn cho&nbsp;<a href=\"https://www.sendo.vn/me-va-be.htm\">mẹ v&agrave; b&eacute;</a><br />\r\n<br />\r\nPh&ugrave; hợp với c&aacute;c mặt dao phố, du lịch, mặc nh&agrave;., đi l&agrave;m, dự tiệc, event ...<br />\r\n<br />\r\nK&iacute;ch thước: Free Size<br />\r\n<br />\r\nCho b&eacute; từ 15 ---&gt; 22 kg</p>\r\n', '180000.00', 35000, 'dam-me-be-1m4G3-xsUA36.jpg', '[\"combo-bo-do-doi-cho-me-va-be-gai-1m4G3-0e2cab.jpg\",\"combo-bo-do-doi-cho-me-va-be-gai-1m4G3-684af8.jpg\",\"combo-bo-do-doi-cho-me-va-be-gai-1m4G3-e098e4.jpg\",\"dam-me-be-1m4G3-Y9SItx.jpg\"]', 0, 1, 4, 1, 1493983674),
(22, 21, 'COMBO ĐẦM CẶP MẸ VÀ BÉ', '<p>Set đ&ocirc;i mẹ v&agrave; b&eacute; gồm :<br />\r\n&Aacute;o d&agrave;i tay + v&aacute;y yếm cho mẹ c&acirc;n nặng từ 43kg - 53kg<br />\r\n&Aacute;o d&agrave;i tay + quần yếm cho b&eacute; trai/ b&eacute; g&aacute;i c&acirc;n nặng từ 17kg- 24kg<br />\r\nM&agrave;u sắc y h&igrave;nh<br />\r\nChất cotton cao cấp d&agrave;y mịn đẹp. Bao d&agrave;y .<br />\r\nShop ko ship h&agrave;ng để xem hay l&yacute; do ko vừa ko th&iacute;ch ko hợp....<br />\r\nTất cả sp đều c&oacute; h&igrave;nh chụp đầy đủ n&ecirc;n kh&aacute;ch vui l&ograve;ng xem kỹ trước khi mua h&agrave;ng b&ecirc;n shop</p>\r\n', '400000.00', 100000, 'dam-me-be-1m4G3-VlctYt.jpg', '[\"dam-me-be-1m4G3-3vjANU.jpg\",\"dam-me-be-1m4G3-QJz7T2.jpg\",\"dam-me-be-1m4G3-wxm1m4.jpg\",\"dam-me-be-1m4G3-xWAz1f.jpg\"]', 0, 1, 4, 1, 1493983674),
(23, 21, 'COMBO ĐẦM REN MÙA XUÂN', '<p><strong>TH&Ocirc;NG TIN SẢN PHẨM&nbsp;</strong></p>\r\n\r\n<p>- Chất liệu : REN</p>\r\n\r\n<p>- Năm sản xuất : 2016</p>\r\n\r\n<p>- Xuất xứ : Việt nam&nbsp;</p>\r\n\r\n<p>- M&agrave;u sắc :đỏ</p>\r\n\r\n<p>- K&iacute;ch thước : Freesize từ 43-55k... size M từ 13-17. size L từ 17-25</p>\r\n', '450000.00', 80000, 'dam-doi-me-va-be-1m4G3-VyyCQr.jpg', '[\"dam-doi-me-va-be-1m4G3-dMY2oV.jpg\",\"dam-doi-me-va-be-1m4G3-kzVnVm.jpg\",\"dam-doi-me-va-be-1m4G3-leplUK.jpg\",\"dam-doi-me-va-be-1m4G3-xfaloG.jpg\"]', 24, 7, 27, 6, 1493983674),
(24, 11, 'Phong Cách Phối Màu', '<p>Chất Liệu: Kaki Silk Thun</p>\r\n\r\n<p>M&agrave;u Sắc: Cổ&nbsp;Trắng Phối Đen, Cổ&nbsp;Trắng Phối Xanh Đen, Cổ Đen Phối Trắng, Cổ Đen Phối Xanh Đen</p>\r\n\r\n<p>Kiểu D&aacute;ng:&nbsp;Thiết Kế D&agrave;i Tay, Th&acirc;n Phối M&agrave;u Trẻ Trung</p>\r\n\r\n<p>Đơn Vị: Cm</p>\r\n\r\n<p>K&iacute;ch Thước: Size L - D&agrave;i &Aacute;o: 67, D&agrave;i Tay: 60, Rộng Vai: 37 - 41, V&ograve;ng Ngực: 78 - 88 (Ph&ugrave; Hợp Với Bạn Nam Dưới 60kg, Chiếu Cao Dưới 1,65 m&eacute;t)</p>\r\n\r\n<p>&nbsp; &nbsp; &nbsp; &nbsp; &nbsp; &nbsp; &nbsp; &nbsp; &nbsp; &nbsp; &nbsp;Size XL - D&agrave;i &Aacute;o: 69, D&agrave;i Tay: 60, Rộng Vai: 39 - 43, V&ograve;ng Ngực: 80 - 90 (Ph&ugrave; Hợp Với Bạn Nam Dưới 65kg, Chiếu Cao Dưới 1,7 m&eacute;t)</p>\r\n\r\n<p>&nbsp; &nbsp; &nbsp; &nbsp; &nbsp; &nbsp; &nbsp; &nbsp; &nbsp; &nbsp; &nbsp;Size XXL - D&agrave;i &Aacute;o: 70, D&agrave;i Tay: 61, Rộng Vai: 40 - 44, V&ograve;ng Ngực: 82 - 92 (Ph&ugrave; Hợp Với Bạn Nam Dưới 70kg, Chiếu Cao Dưới 1,75 m&eacute;t)</p>\r\n', '230000.00', 0, 'somi_nam_n18__1__500x750.jpg', '[\"somi_nam_3__1__500x750_(1)1.jpg\",\"somi_nam_5__2__500x749.jpg\",\"somi_nam_12__1__500x750.jpg\"]', 37, 1, 9, 2, 1493983674),
(25, 11, 'Ngắn Tay Cao Cấp Kiểu Dáng Hàn Quốc', '<ul>\r\n	<li><strong><em>Sơ Mi Nam Ngắn Tay Cao Cấp</em>&nbsp;</strong>Kiểu d&aacute;ng H&agrave;n Quốc</li>\r\n	<li>Phom D&aacute;ng Slim Fix</li>\r\n	<li>Chất liệu 90% Cotton</li>\r\n	<li>&Aacute;o cao cấp,&nbsp;<strong>KH&Ocirc;NG</strong>&nbsp;bai x&ugrave;, mất phom sau thời gian d&agrave;i sử dụng.</li>\r\n</ul>\r\n', '450000.00', 150000, 'do_nam_3__1__500x750_thumb_205x306.jpg', '[\"do_nam_19__2__500x750_thumb_205x306.jpg\",\"somi_nam_3__1__500x750_(1).jpg\",\"somi_nam_22__1__500x749.jpg\"]', 2, 1, 9, 2, 1493983674),
(26, 14, 'Quần kaki short nam - QS43', '<p><strong>Thông tin chi tiết sản phẩm</strong>:</p>\r\n\r\n<p>Tên sản phẩm : Quần kaki short nam cá tính-QS43</p>\r\n\r\n<p>- Mã sản phẩm : QS43</p>\r\n\r\n<p>- Chất liệu : vải kaki</p>\r\n\r\n<p>- Mầu sắc : xanh đen,xanh dương, nâu vàng</p>\r\n\r\n<p>- Kích cỡ :  28-29-30-31-32</p>\r\n\r\n<p>-Trọng lượng : 400g</p>\r\n', '165000.00', 0, 'quan-kaki-short-nam-qs43-1m4G3-Czuekh_simg_d0daf0_800x1200_max.jpg', '[\"quan-kaki-short-nam-qs43-1m4G3-3TUeRm_simg_d0daf0_800x1200_max.jpg\",\"quan-kaki-short-nam-qs43-1m4G3-JsGgBd_simg_d0daf0_800x1200_max.jpg\",\"quan-kaki-short-nam-qs43-1m4G3-lqqiMY_simg_d0daf0_800x1200_max.jpg\"]', 5, 1, 9, 2, 1493983674),
(27, 14, 'Quần short kaki nam - QKN44', '<p>Quần short&nbsp;<a href=\"https://www.sendo.vn/kaki-nam.htm\">Kaki Nam</a></p>\r\n\r\n<p>Vải kaki loại 1, form chuẩn t&ocirc;n d&aacute;ng &nbsp;</p>\r\n\r\n<p>Size: 28-32</p>\r\n', '200000.00', 40000, 'quan-short-kaki-nam-1m4G3-sexFoa_simg_d0daf0_800x1200_max.jpg', '[\"quan-short-kaki-nam-1m4G3-E4MW4M_simg_d0daf0_800x1200_max.jpg\",\"quan-short-kaki-nam-1m4G3-iKaEX7_simg_d0daf0_800x1200_max.jpg\",\"quan-short-kaki-nam-1m4G3-reyYEA_simg_d0daf0_800x1200_max.jpg\"]', 6, 1, 4, 1, 1493983674),
(28, 13, 'Quần kaki Nam Lịch Lãm - D36', '<p>Quần kaki nam lịch l&atilde;m</p>\r\n\r\n<p>Chất liệu vải kaki loại 1 d&agrave;y mịn</p>\r\n\r\n<p>C&oacute; đủ size 28,29,30,31,32</p>\r\n\r\n<p>Với 3 t&ocirc;ng m&agrave;u trầm đen,xanh đen rất dễ phối với &aacute;o thun,&aacute;o sơ mi,...tạo phong c&aacute;ch thanh lịch cho c&aacute;c bạn nam khi diện đến c&ocirc;ng sở, đi chơi,du lịch,...</p>\r\n', '169000.00', 0, 'quan-kaki-nam-lich-lam-1m4G3-NvjQo7_simg_d0daf0_800x1200_max.jpg', '[\"quan-kaki-nam-lich-lam-1m4G3-tyzFof_simg_d0daf0_800x1200_max.png\",\"quan-kaki-nam-lich-lam-1m4G3-uSjiJP_simg_d0daf0_800x1200_max.jpg\"]', 19, 1, 18, 4, 1493983674),
(29, 13, 'QUẦN KAKI THUN JOGGER', '<p>Kiểu d&aacute;ng trẻ trung, t&ocirc;ng m&agrave;u, họa tiết lạ mắt dễ d&agrave;ng mix c&ugrave;ng &aacute;o thun tạo phong c&aacute;ch trẻ trung cho bạn trẻ.</p>\r\n\r\n<p>Thiết kế t&uacute;i 2 b&ecirc;n tiện dụng, bo lưng thun gi&uacute;p bạn thoải m&aacute;i khi vận động.</p>\r\n\r\n<p>Form d&aacute;ng d&agrave;i, chất liệu bố, d&agrave;y dặn, thấm h&uacute;t mồ h&ocirc;i bạn trai c&oacute; thể thoải m&aacute;i hoạt động</p>\r\n\r\n<p>Size : M, L</p>\r\n', '300000.00', 120000, 'cu-cai-quan-kaki-thun-jogger-thoi-trang-mau-kem-qg06-1m4G3-7ec3c2_simg_d0daf0_800x1200_max.jpg', '[\"cu-cai-quan-kaki-thun-jogger-thoi-trang-mau-kem-qg06-1m4G3-3e0554_simg_d0daf0_800x1200_max.jpg\",\"cu-cai-quan-kaki-thun-jogger-thoi-trang-mau-kem-qg06-1m4G3-63841e_simg_d0daf0_800x1200_max.jpg\",\"cu-cai-quan-kaki-thun-jogger-thoi-trang-mau-kem-qg06-1m4G3-fd6df6_simg_d0daf0_800x1200_max.jpg\"]', 33, 1, 9, 2, 1493983674),
(50, 10, 'ÁO PHÔNG NAM HIỆN ĐẠI', '<p>- Thiết kế &aacute;o thun form basic, cổ chữ V.&nbsp;<br />\r\n- Nhiều m&agrave;u sắc mới mẻ như: xanh đậu, xanh cổ vịt...<br />\r\n- Chất liệu TC 4 chiều, bề mặt mịn mượt v&agrave; đẹp.<br />\r\n- Th&agrave;nh phần PE trong sợi vải tăng độ bền, th&iacute;ch hợp với thời tiết m&aacute;t mẻ.<br />\r\n- C&ocirc;ng nghệ đặc biệt trong may dệt, hạn chế tối đa sự nhăn vải&nbsp;<br />\r\n- Đảm bảo chất lượng v&agrave; Bảo h&agrave;nh 365 ng&agrave;y.</p>\r\n', '120000.00', 10000, 'quan_ao_nam_12.jpg', '[\"quan_ao_nam_9.jpg\",\"quan_ao_nam_10.jpg\",\"quan_ao_nam_11.jpg\"]', 1, 0, 4, 1, 1523179342),
(51, 10, 'ÁO PHÔNG NAM TAY DÀI', '<p>- Thiết kế &aacute;o thun form basic, cổ chữ V.&nbsp;<br />\r\n- Nhiều m&agrave;u sắc mới mẻ như: xanh đậu, xanh cổ vịt...<br />\r\n- Chất liệu TC 4 chiều, bề mặt mịn mượt v&agrave; đẹp.<br />\r\n- Th&agrave;nh phần PE trong sợi vải tăng độ bền, th&iacute;ch hợp với thời tiết m&aacute;t mẻ.<br />\r\n- C&ocirc;ng nghệ đặc biệt trong may dệt, hạn chế tối đa sự nhăn vải&nbsp;<br />\r\n- Đảm bảo chất lượng v&agrave; Bảo h&agrave;nh 365 ng&agrave;y.</p>\r\n', '140000.00', 10000, 'quan_ao_nam_7.jpg', '[\"quan_ao_nam_6.jpg\",\"quan_ao_nam_8.jpg\"]', 1, 0, 4, 1, 1523179474),
(54, 15, 'áo thun kiểu G8TH', '<p>ẢO KIỂU cute l&agrave; gu chủ yếu cho những ng&agrave;y thu. Nếu như h&egrave; bạn c&oacute; thể t&aacute;o bạo diện một chiếc sơ mi kh&ocirc;ng tay hay kiểu cổ ph&oacute;ng kho&aacute;ng cho thời trang c&ocirc;ng sở th&igrave; sang thu sẽ k&iacute;n đ&aacute;o hơn nhiều với kiểu sơ mi tay lỡ hoặc d&aacute;ng d&agrave;i tay đều ph&ugrave; hợp.</p>\r\n\r\n<p>Những mẫu sơ mi thiết kế tay lỡ vẫn sử dụng gam đơn hoặc họa tiết nếu muốn mix ph&ugrave; hợp c&ugrave;ng quần t&acirc;y, jean hay ch&acirc;n v&aacute;y ăn &yacute;.</p>\r\n\r\n<p>ẢO KIỂU&nbsp;<a href=\"https://www.sendo.vn/han-quoc.htm\">H&Agrave;N QUỐC</a>&nbsp;với c&aacute;c th&ocirc;ng tin như sau:</p>\r\n\r\n<p>+ Mẫu m&atilde;: như h&igrave;nh;</p>\r\n\r\n<p>+ Xuất xứ: Việt Nam</p>\r\n\r\n<p>+ M&agrave;u sắc: Hồng, xanh, trắng, t&iacute;m</p>\r\n\r\n<p>+ Kiểu d&aacute;ng: tay lỡ, vạt ngang, cổ tr&ograve;n k&egrave;m d&acirc;y chuyền phụ kiện;</p>\r\n\r\n<p>+ Size: S, M, L, XL</p>\r\n', '130000.00', 12000, 'ao_kieu_nu_41__2__500x750.jpg', '[\"thun_nu_109__1__500x750.jpg\",\"thun_nu_111__1__500x750.jpg\",\"thun_nu_113__1__500x750.jpg\"]', 0, 1, 4, 1, 1523183246),
(55, 15, 'áo thun nữ tay dài cute', '<p>ẢO THUN NỮ TAY D&Agrave;I&nbsp;l&agrave; gu chủ yếu cho những ng&agrave;y đ&ocirc;ng. Nếu như đ&ocirc;ng&nbsp;bạn c&oacute; thể t&aacute;o bạo diện một chiếc sơ mi kh&ocirc;ng tay hay kiểu cổ ph&oacute;ng kho&aacute;ng cho thời trang c&ocirc;ng sở th&igrave; sang thu sẽ k&iacute;n đ&aacute;o hơn nhiều với kiểu sơ mi tay lỡ hoặc d&aacute;ng d&agrave;i tay đều ph&ugrave; hợp.</p>\r\n\r\n<p>Những mẫu sơ mi thiết kế tay lỡ vẫn sử dụng gam đơn hoặc họa tiết nếu muốn mix ph&ugrave; hợp c&ugrave;ng quần t&acirc;y, jean hay ch&acirc;n v&aacute;y ăn &yacute;.</p>\r\n\r\n<p>ẢO KIỂU THUN NỮ TAY D&Agrave;I&nbsp;với c&aacute;c th&ocirc;ng tin như sau:</p>\r\n\r\n<p>+ Mẫu m&atilde;: như h&igrave;nh;</p>\r\n\r\n<p>+ Xuất xứ: Việt Nam</p>\r\n\r\n<p>+ M&agrave;u sắc: Hồng, xanh, trắng, t&iacute;m</p>\r\n\r\n<p>+ Kiểu d&aacute;ng: tay lỡ, vạt ngang, cổ tr&ograve;n k&egrave;m d&acirc;y chuyền phụ kiện;</p>\r\n\r\n<p>+ Size: S, M, L, XL</p>\r\n', '140000.00', 10000, 'ao_thun_nu_36__2__500x750.jpg', '[\"ao_thun_nu_39__2__500x750.jpg\",\"ao_thun_nu_42__2__500x750.jpg\",\"ao_thun_nu_45__2__500x750.jpg\"]', 1, 1, 4, 1, 1523183357);

-- --------------------------------------------------------

--
-- Table structure for table `slider`
--

CREATE TABLE `slider` (
  `id` int(11) NOT NULL,
  `name` varchar(100) COLLATE utf8_unicode_ci NOT NULL,
  `image_link` varchar(100) COLLATE utf8_unicode_ci NOT NULL,
  `link` varchar(100) COLLATE utf8_unicode_ci NOT NULL,
  `sort_order` int(11) NOT NULL,
  `created` datetime NOT NULL
) ENGINE=MyISAM DEFAULT CHARSET=utf8 COLLATE=utf8_unicode_ci;

--
-- Dumping data for table `slider`
--

INSERT INTO `slider` (`id`, `name`, `image_link`, `link`, `sort_order`, `created`) VALUES
(1, '1', 'slide11.jpg', 'http://localhost/webshop/khuyen-mai', 1, '2017-04-25 15:24:43'),
(4, '2', 'slide21.jpg', 'http://localhost/webshop/ao-gia-dinh-ag0560-p16', 4, '2017-04-25 15:36:41'),
(5, '3', 'slide31.jpg', 'http://localhost/webshop/phong-cach-phoi-mau-p24', 3, '2017-04-25 15:37:00');

-- --------------------------------------------------------

--
-- Table structure for table `transaction`
--

CREATE TABLE `transaction` (
  `id` int(11) NOT NULL,
  `status` int(11) NOT NULL DEFAULT '0',
  `user_id` int(11) NOT NULL DEFAULT '0',
  `user_name` varchar(100) COLLATE utf8_unicode_ci NOT NULL,
  `user_email` varchar(100) COLLATE utf8_unicode_ci NOT NULL,
  `user_phone` varchar(100) COLLATE utf8_unicode_ci NOT NULL,
  `user_address` varchar(100) COLLATE utf8_unicode_ci NOT NULL,
  `message` varchar(255) COLLATE utf8_unicode_ci NOT NULL,
  `amount` decimal(15,2) NOT NULL DEFAULT '0.00',
  `payment` varchar(32) COLLATE utf8_unicode_ci NOT NULL,
  `created` int(11) NOT NULL
) ENGINE=MyISAM DEFAULT CHARSET=utf8 COLLATE=utf8_unicode_ci;

--
-- Dumping data for table `transaction`
--

INSERT INTO `transaction` (`id`, `status`, `user_id`, `user_name`, `user_email`, `user_phone`, `user_address`, `message`, `amount`, `payment`, `created`) VALUES
(4, 1, 0, 'An Nhiên', 'annhien@gmail.com', '0166666666', 'Ngọc Hiển - Cà mau', 'Vui lòng trao hàng đến địa chỉ trên...', '350000.00', '', 1493983674),
(3, 1, 5, 'GoO', 'GoO@gmail.com', '01215345336', 'Đầm Dơi - Cà Mau', 'GUi hang den dia chi tren', '360000.00', '', 1493983674),
(5, 1, 0, 'Bình Nguyễn', 'binh@gmail.com', '0987654321', 'Cà Mau', 'Gửi đến địa chỉ trên', '370000.00', '', 1494083674),
(6, 0, 0, 'Tô Nam', 'tonam@yahoo.com.vn', '098989876', 'Cái Nước - Cà Mau', 'Ship đến địa chỉ vào sáng ngày 23/5', '469000.00', '', 1494283674),
(7, 1, 5, 'GoO', 'GoO@gmail.com', '01215345336', 'Rạch Gốc - Cà Mau', 'Ship vào sáng mai.', '70000.00', '', 1494183674),
(8, 0, 0, 'Linh', 'ling@yahoo.com', '098798787', 'Bình Thạnh - Tp.HCM', 'ship', '69000.00', '', 1494342674),
(9, 1, 0, 'Nhi', 'nhi@test.com', '0987654321', 'Tp.HCM', 'Gửi hàng đến địa chỉ trên vào ngày mai', '200000.00', '', 1493983674),
(10, 0, 0, 'VIP User', 'test@gmail.com', '1234567890', 'Cà Mau', 'Ship free', '450000.00', '', 1493983674),
(12, 0, 6, 'Nguyen An', 'khachhang1@gmail.com', '01201212222', 'xô Viết Nghệ Tĩnh - Bình Thạnh - Tp.HCM', 'SHIP TO', '169000.00', '', 1494407353),
(13, 1, 0, 'tuan anh', 'tuananh@gmail.com', '01235009524', 'thủ đức', 'hello', '350000.00', '', 1521654758),
(14, 1, 0, 'Minh Thuận', 'lamminhthuan02@gmail.com', '01235009523', 'Bình Thạnh - Tp.HCM', 'Mua về tặng gấu ạ. ', '130000.00', '', 1523207827),
(15, 1, 0, 'Minh Thuận', 'lamminhthuan1@gmail.com', '01235009523', 'Bình Thạnh - Tp.HCM', 'cần gấp', '836000.00', '', 1523264210);

-- --------------------------------------------------------

--
-- Table structure for table `user`
--

CREATE TABLE `user` (
  `id` int(11) NOT NULL,
  `name` varchar(100) COLLATE utf8_unicode_ci NOT NULL,
  `email` varchar(50) COLLATE utf8_unicode_ci NOT NULL,
  `password` varchar(50) COLLATE utf8_unicode_ci NOT NULL,
  `phone` varchar(15) COLLATE utf8_unicode_ci NOT NULL,
  `address` varchar(255) COLLATE utf8_unicode_ci NOT NULL,
  `created` int(11) NOT NULL
) ENGINE=MyISAM DEFAULT CHARSET=utf8 COLLATE=utf8_unicode_ci;

--
-- Dumping data for table `user`
--

INSERT INTO `user` (`id`, `name`, `email`, `password`, `phone`, `address`, `created`) VALUES
(6, 'Nguyen An', 'khachhang1@gmail.com', '81dc9bdb52d04dc20036dbd8313ed055', '01201212222', 'Đầm Dơi - Cà Mau', 2147483647),
(5, 'User', 'user@gmail.com', '81dc9bdb52d04dc20036dbd8313ed055', '01215345336', 'TP. Hồ Chí Minh', 2147483647),
(8, 'minh loi', 'lamminhloi2014@gmail.com', 'b59c67bf196a4758191e42f76670ceba', '1664416823', 'ung văn khiêm  - Q. Bình Thạnh -TP.HCM', 2018),
(9, 'Tan.09.08.99@gmail.com', 'Tan.09.08.99@gmail.com', 'c5fde9de2d29789a81d1bc0f16292048', '0908888888', 'Kskekekekellee', 2018);

--
-- Indexes for dumped tables
--

--
-- Indexes for table `admin`
--
ALTER TABLE `admin`
  ADD PRIMARY KEY (`id`);

--
-- Indexes for table `catalog`
--
ALTER TABLE `catalog`
  ADD PRIMARY KEY (`id`);

--
-- Indexes for table `order`
--
ALTER TABLE `order`
  ADD PRIMARY KEY (`id`);

--
-- Indexes for table `product`
--
ALTER TABLE `product`
  ADD PRIMARY KEY (`id`);

--
-- Indexes for table `slider`
--
ALTER TABLE `slider`
  ADD PRIMARY KEY (`id`);

--
-- Indexes for table `transaction`
--
ALTER TABLE `transaction`
  ADD PRIMARY KEY (`id`);

--
-- Indexes for table `user`
--
ALTER TABLE `user`
  ADD PRIMARY KEY (`id`);

--
-- AUTO_INCREMENT for dumped tables
--

--
-- AUTO_INCREMENT for table `admin`
--
ALTER TABLE `admin`
  MODIFY `id` int(11) NOT NULL AUTO_INCREMENT, AUTO_INCREMENT=5;

--
-- AUTO_INCREMENT for table `catalog`
--
ALTER TABLE `catalog`
  MODIFY `id` int(11) NOT NULL AUTO_INCREMENT, AUTO_INCREMENT=25;

--
-- AUTO_INCREMENT for table `order`
--
ALTER TABLE `order`
  MODIFY `id` int(11) NOT NULL AUTO_INCREMENT, AUTO_INCREMENT=21;

--
-- AUTO_INCREMENT for table `product`
--
ALTER TABLE `product`
  MODIFY `id` int(255) NOT NULL AUTO_INCREMENT, AUTO_INCREMENT=56;

--
-- AUTO_INCREMENT for table `slider`
--
ALTER TABLE `slider`
  MODIFY `id` int(11) NOT NULL AUTO_INCREMENT, AUTO_INCREMENT=6;

--
-- AUTO_INCREMENT for table `transaction`
--
ALTER TABLE `transaction`
  MODIFY `id` int(11) NOT NULL AUTO_INCREMENT, AUTO_INCREMENT=16;

--
-- AUTO_INCREMENT for table `user`
--
ALTER TABLE `user`
  MODIFY `id` int(11) NOT NULL AUTO_INCREMENT, AUTO_INCREMENT=10;
COMMIT;

/*!40101 SET CHARACTER_SET_CLIENT=@OLD_CHARACTER_SET_CLIENT */;
/*!40101 SET CHARACTER_SET_RESULTS=@OLD_CHARACTER_SET_RESULTS */;
/*!40101 SET COLLATION_CONNECTION=@OLD_COLLATION_CONNECTION */;
